Actor,Title,Year,Rating
Aaron Taylor-Johnson,A Million Little Pieces,2018,6.2
Aaron Taylor-Johnson,Avengers : L'Ère d'Ultron,2015,7.3
Aaron Taylor-Johnson,Bullet Train,2022,7.3
Aaron Taylor-Johnson,Calls,2021,7.7
Aaron Taylor-Johnson,Kraven the Hunter,2024,5.4
Aaron Taylor-Johnson,Les Griffin,2014,8.1
Aaron Taylor-Johnson,Nocturnal Animals,2016,7.4
Aaron Taylor-Johnson,Nosferatu,2024,
Aaron Taylor-Johnson,Outlaw King : Le Roi hors-la-loi,2018,6.9
Aaron Taylor-Johnson,Rhye: Black Rain,2020,8.1
Aaron Taylor-Johnson,Tenet,2020,7.3
Aaron Taylor-Johnson,The Fall Guy,2024,6.9
Aaron Taylor-Johnson,The King's Man : Première Mission,2021,6.3
Aaron Taylor-Johnson,The Last Meal,2018,6.8
Aaron Taylor-Johnson,The Wall,2017,6.2
Ali Larter,Creepshow,2021,7.0
Ali Larter,Kidnapping,2004,4.6
Ali Larter,Landman,2024,8.3
Ali Larter,Larry et son nombril,2017,8.8
Ali Larter,Le Second souffle,2014,7.3
Ali Larter,Legends,2014,7.4
Ali Larter,Marigold,2007,4.8
Ali Larter,Pitch,2016,7.5
Ali Larter,Resident Evil : Chapitre final,2016,5.5
Ali Larter,Spin the Bottle,2024,3.5
Ali Larter,Splitting Up Together,2018–2019,6.9
Ali Larter,The Diabolical,2015,4.7
Ali Larter,The Hater,2022,4.5
Ali Larter,The Last Victim,2021,5.0
Ali Larter,The Last Victim,2021,5.0
Ali Larter,The Man in the White Van,2023,6.0
Ali Larter,The Rookie : Le flic de Los Angeles,2019–2020,8.0
Ali Larter,Top Secret Videos,2020–2021,3.3
Ben Whishaw,Bad Behaviour,2023,4.3
Ben Whishaw,Black Doves,2024,7.2
Ben Whishaw,Bright Star,2009,6.9
Ben Whishaw,Fargo,2020,8.9
Ben Whishaw,Good Boy,2023,6.4
Ben Whishaw,In Heat,2024,
Ben Whishaw,Les aventures de Paddington,2019–2020,8.3
Ben Whishaw,Limonov. La ballade,2024,5.9
Ben Whishaw,Miss Fortunate,2021,6.7
Ben Whishaw,Mourir peut attendre,2021,7.3
Ben Whishaw,O Holy Ghost,2019,7.1
Ben Whishaw,Paddington au Pérou,2024,6.8
Ben Whishaw,Passages,2023,6.6
Ben Whishaw,Queen Elizabeth and Paddington Bear Film,2022,8.9
Ben Whishaw,This Is Going to Hurt,2022,8.4
Ben Whishaw,This Is Going to Hurt,2022,8.4
Ben Whishaw,Ungentle,2023,7.0
Ben Whishaw,Women Talking,2022,6.9
Brandon Sklenar,1923,2022–2023,8.3
Brandon Sklenar,"Emily, criminelle malgré elle",2022,6.7
Brandon Sklenar,Futra Days,2024,5.6
Brandon Sklenar,Glass Jaw,2018,5.2
Brandon Sklenar,Indigo Valley,2020,3.3
Brandon Sklenar,Jamais plus - It Ends with Us,2024,6.5
Brandon Sklenar,Jonesin',2021,8.1
Brandon Sklenar,Karen,2021,3.2
Brandon Sklenar,Midway,2019,6.7
Brandon Sklenar,Shot in the Dark,2021,3.5
Brandon Sklenar,The Big Ugly,2020,5.1
Brandon Sklenar,The Offer,2022,8.6
Brandon Sklenar,Vice,2018,7.2
Brandon Sklenar,Walker: Independence,2022,6.9
Brandon Sklenar,Westworld,2022,8.5
Cynthia Erivo,1984,2024,8.8
Cynthia Erivo,Carrier,2019,7.6
Cynthia Erivo,Celebrity Substitute,2024,8.1
Cynthia Erivo,Fraggle Rock: l'aventure continue,2022,7.9
Cynthia Erivo,Glass Star: Cynthia Erivo,2021,
Cynthia Erivo,Grandpa Was an Emperor,2021,8.0
Cynthia Erivo,HouseBroken,2023,6.4
Cynthia Erivo,Kym,2022,4.8
Cynthia Erivo,L'échappée,2023,6.3
Cynthia Erivo,L'échappée,2023,6.3
Cynthia Erivo,La fille de la lune et le dinosaure du diable de Marvel,2024,7.5
Cynthia Erivo,Luther: Soleil déchu,2023,6.4
Cynthia Erivo,Pinocchio,2022,5.1
Cynthia Erivo,Roar,2022,5.7
Cynthia Erivo,Star Wars: Visions,2023,7.0
Cynthia Erivo,Storyline Online,2021,7.0
Cynthia Erivo,Strange Planet,2023,6.4
Cynthia Erivo,Wicked,2024,8.0
Cynthia Erivo,Wicked Red Carpet,2024,
Dawn Olivieri,1883,2021,8.7
Dawn Olivieri,Ajman Stud,2022,
Dawn Olivieri,Behind the Curtain of Night,2022,6.8
Dawn Olivieri,Call of Duty: Black Ops 6,2024,7.6
Dawn Olivieri,Criminal Squad,2018,7.0
Dawn Olivieri,Darc,2018,5.8
Dawn Olivieri,Double Threat,2022,4.7
Dawn Olivieri,Electric Kingdom,2019,
Dawn Olivieri,Homestead,2024,
Dawn Olivieri,NCIS : Hawaï,2023,6.8
Dawn Olivieri,Opérations spéciales : Lioness,2024,7.7
Dawn Olivieri,SEAL Team,2018,7.8
Dawn Olivieri,The Hot Zone,2021,7.3
Dawn Olivieri,The Secret of Karma,2020,3.8
Dawn Olivieri,Traffik,2018,5.9
Dawn Olivieri,Yellowstone,2022–2024,8.6
Dawn Olivieri,"Young, Sexy & Dead",2023,5.7
Emma Corrin,Alex's Dream,2018,6.5
Emma Corrin,Anna X,2021,6.2
Emma Corrin,Cesare,2017,
Emma Corrin,Deadpool & Wolverine,2024,7.6
Emma Corrin,Grantchester,2019,7.9
Emma Corrin,Hermit,2024,
Emma Corrin,L'Amant de lady Chatterley,2022,6.6
Emma Corrin,L'effet veuf,2023,6.4
Emma Corrin,Little Simz: Introvert,2021,8.2
Emma Corrin,Miss Révolution,2020,6.4
Emma Corrin,My Policeman,2022,6.5
Emma Corrin,My Policeman,2022,6.5
Emma Corrin,Nosferatu,2024,
Emma Corrin,Pennyworth,2019,7.8
Emma Corrin,Ten Percent,2022,6.9
Emma Corrin,The Crown,2020,8.6
Emma Corrin,The Crown,2020,8.6
Emma Corrin,Un meurtre au bout du monde,2023,7.1
Emmanuelle Chriqui,7 Splinters in Time,2018,3.5
Emmanuelle Chriqui,Boot Camp,2024,5.5
Emmanuelle Chriqui,Cleaners,2013–2014,6.2
Emmanuelle Chriqui,Cosmic Dawn,2022,4.1
Emmanuelle Chriqui,Die in a Gunfight,2021,4.5
Emmanuelle Chriqui,Entourage,2015,6.5
Emmanuelle Chriqui,First Murder,2015,7.3
Emmanuelle Chriqui,Hospitality,2018,4.8
Emmanuelle Chriqui,L'alchimie de Noël,2019,5.6
Emmanuelle Chriqui,Shut Eye,2016–2017,7.3
Emmanuelle Chriqui,Super Troopers 2,2018,6.0
Emmanuelle Chriqui,Superman and Lois,2021–2024,7.8
Emmanuelle Chriqui,The Grinder,2015,7.2
Emmanuelle Chriqui,The Passage,2019,7.2
Emmanuelle Chriqui,The Steps,2015,6.0
Emmanuelle Chriqui,Victory the Podcast,2020,8.5
Genesis Rodriguez,Baymax and ...,2018,6.1
Genesis Rodriguez,Baymax et les Nouveaux Héros,2017–2021,7.2
Genesis Rodriguez,Big Chibi 6: The Shorts,2018,6.7
Genesis Rodriguez,Blake Shelton: Texas,2024,
Genesis Rodriguez,Centigrade,2020,4.4
Genesis Rodriguez,Fixation,2022,8.0
Genesis Rodriguez,Icebox,2018,6.2
Genesis Rodriguez,Kingdom Hearts III,2019,8.2
Genesis Rodriguez,Le fugitif,2020,5.8
Genesis Rodriguez,Neon,2023,5.1
Genesis Rodriguez,New York - Unité spéciale,2018,8.1
Genesis Rodriguez,Opérations spéciales : Lioness,2024,7.7
Genesis Rodriguez,She-Ra et les Princesses au Pouvoir,2018–2020,8.1
Genesis Rodriguez,The 4:30 Movie,2024,6.0
Genesis Rodriguez,Umbrella Academy,2022,7.8
Hailee Steinfeld,Arcane,2021–2024,9.1
Hailee Steinfeld,"Between Two Ferns: The Movie, Sorta Uncut Interviews",2019,6.9
Hailee Steinfeld,Charlie's Angels,2019,5.0
Hailee Steinfeld,Dickinson,2019–2021,7.7
Hailee Steinfeld,Dickinson,2019–2021,7.7
Hailee Steinfeld,Entre deux fougères: Le film,2019,6.1
Hailee Steinfeld,"Hailee Steinfeld & Alesso Feat. Florida Georgia Line, Watt: Let Me Go - First Version",2017,7.5
Hailee Steinfeld,Hailee Steinfeld ft. Anderson .Paak: Coast,2022,7.7
Hailee Steinfeld,Hailee Steinfeld ft. Anderson .Paak: Coast,2022,7.7
Hailee Steinfeld,Hailee Steinfeld ft. Anderson .Paak: Coast,2022,7.7
Hailee Steinfeld,Hailee Steinfeld: Afterlife,2019,7.5
Hailee Steinfeld,Hailee Steinfeld: Afterlife (For Your Consideration),2020,6.9
Hailee Steinfeld,Hailee Steinfeld: I Love You's,2020,7.4
Hailee Steinfeld,Hailee Steinfeld: Wrong Direction,2020,8.2
Hailee Steinfeld,Hailee Steinfeld: Wrong Direction,2020,8.2
Hailee Steinfeld,Hawkeye,2021,7.5
Hailee Steinfeld,Imagine Dragons x J.I.D: Enemy,2021,8.4
Hailee Steinfeld,Jax Jones & Martin Solveig Present Europa Feat. Madison Beer: All Day and Night,2019,5.6
Hailee Steinfeld,"Jax Jones, Martin Solveig, Madison Beer: All Day and Night (Late Night Session)",2019,6.1
Hailee Steinfeld,Live Lounge Allstars: Times Like These,2020,7.4
Hailee Steinfeld,Spider-Man: Across the Spider-Verse,2023,8.6
Hailee Steinfeld,The Marvels,2023,5.5
Jennifer Connelly,Abri,2014,6.5
Jennifer Connelly,Alita: Battle Angel,2019,7.3
Jennifer Connelly,American Pastoral,2016,6.1
Jennifer Connelly,Bad Behaviour,2023,4.3
Jennifer Connelly,Bad Behaviour,2023,4.3
Jennifer Connelly,Dark Matter,2024,7.7
Jennifer Connelly,L'Attrape-rêves,2014,5.3
Jennifer Connelly,L'amour malgré tout,2012,7.2
Jennifer Connelly,Le dilemme,2011,5.3
Jennifer Connelly,Line of fire,2017,7.6
Jennifer Connelly,Noé,2014,5.8
Jennifer Connelly,Salvation Boulevard,2011,5.3
Jennifer Connelly,Snowpiercer,2020–2024,6.9
Jennifer Connelly,Spider-Man: Homecoming,2017,7.4
Jennifer Connelly,The Old Guard,2020,6.7
Jennifer Connelly,Top Gun: Maverick,2022,8.2
Jennifer Connelly,Un amour d'hiver,2014,6.1
Jill Wagner,Christmas Under the Northern Lights,2024,6.6
Jill Wagner,Daisy et le miracle de Noël,2021,6.0
Jill Wagner,Daisy et le miracle de Noël,2021,6.0
Jill Wagner,De bons vœux,2022,5.8
Jill Wagner,De bons vœux,2022,5.8
Jill Wagner,L'Ange secret de Noël,2020,6.9
Jill Wagner,Le Calendrier secret de Noël,2019,6.5
Jill Wagner,Mystery 101: An Education in Murder,2020,7.3
Jill Wagner,Mystery 101: Dead Talk,2019,7.3
Jill Wagner,Mystery 101: Deadly History,2021,7.4
Jill Wagner,Mystery 101: Killer Timing,2021,7.4
Jill Wagner,Noël sous le gui,2019,6.5
Jill Wagner,Opérations spéciales : Lioness,2023–2024,7.7
Jill Wagner,Opérations spéciales : Lioness,2023–2024,7.7
Jill Wagner,Romance d'hiver,2020,6.8
Jill Wagner,Romance d'hiver,2020,6.8
Jill Wagner,Sleigh Bells and Sugarplums,2024,
Jill Wagner,Temptation,2020,
Jill Wagner,Un souvenir de Noël,2023,6.5
Jill Wagner,Un souvenir de Noël,2023,6.5
Jodie Comer,Alan Bennett's Talking Heads,2020,7.9
Jodie Comer,Alone in the Dark,2024,6.6
Jodie Comer,Docteur Foster,2015–2017,7.6
Jodie Comer,Either Way,2019,7.9
Jodie Comer,England Is Mine,2017,5.8
Jodie Comer,Free Guy,2021,7.1
Jodie Comer,Granada Reports,2019,6.3
Jodie Comer,Help,2021,7.6
Jodie Comer,Help,2021,7.6
Jodie Comer,Killing Eve,2018–2022,8.1
Jodie Comer,Le Dernier Duel,2021,7.3
Jodie Comer,National Theatre Live: Prima Facie,2022,9.1
Jodie Comer,Snatches: Moments from Women's Lives,2018,8.1
Jodie Comer,Star Wars: L'Ascension de Skywalker,2019,6.4
Jodie Comer,The Bikeriders,2023,6.7
Jodie Comer,The End We Start From,2023,5.9
Jodie Comer,The End We Start From,2023,5.9
Jodie Comer,The White Princess,2017,7.5
Keira Knightley,Beauté cachée,2016,6.8
Keira Knightley,"Berlin, I Love You",2019,4.7
Keira Knightley,Black Doves,2024,7.2
Keira Knightley,Black Doves,2024,7.2
Keira Knightley,Casse-Noisette et les Quatre Royaumes,2018,5.6
Keira Knightley,Charlotte,2021,6.4
Keira Knightley,Charlotte,2021,6.4
Keira Knightley,Coeurs ennemis,2019,6.4
Keira Knightley,Colette,2018,6.7
Keira Knightley,Deflation,2001,3.2
Keira Knightley,Everest,2015,7.1
Keira Knightley,L'Étrangleur de Boston,2023,6.5
Keira Knightley,Miss Révolution,2020,6.4
Keira Knightley,Official Secrets,2019,7.3
Keira Knightley,Pirates des Caraïbes : La Vengeance de Salazar,2017,6.5
Keira Knightley,Red Nose Day Actually,2017,7.1
Keira Knightley,Silent Night,2021,5.8
Keira Knightley,The Sound Collector,2023,6.6
Kiernan Shipka,Chilling Adventures of Sabrina 3: Straight to Hell,2020,8.0
Kiernan Shipka,Chilling Adventures of Sabrina 3: Straight to Hell,2020,8.0
Kiernan Shipka,Les Nouvelles Aventures de Sabrina,2018–2020,7.4
Kiernan Shipka,Longlegs,2024,6.7
Kiernan Shipka,Maximum Truth,2023,4.5
Kiernan Shipka,Nom de code : Rouge,2024,6.5
Kiernan Shipka,Riverdale,2021–2022,6.5
Kiernan Shipka,Sweethearts,2024,5.6
Kiernan Shipka,Swimming with Sharks,2022,6.4
Kiernan Shipka,The Last Showgirl,2024,6.1
Kiernan Shipka,The Other Two,2023,7.8
Kiernan Shipka,Totally Killer,2023,6.5
Kiernan Shipka,Treat,2021,7.0
Kiernan Shipka,Treat,2021,7.0
Kiernan Shipka,Twisters,2024,6.5
Kiernan Shipka,White House Plumbers,2023,6.8
Kiernan Shipka,Wildflower,2022,6.8
Kristofer Hivju,A Rare Grand Alignment,2023,
Kristofer Hivju,Beck,2016–2023,7.5
Kristofer Hivju,Beck,2018–2023,7.5
Kristofer Hivju,Bit Ballerina Bulldog,2015,
Kristofer Hivju,Crazy Bear,2023,5.9
Kristofer Hivju,Flax,2008,6.3
Kristofer Hivju,La Bande à Picsou,2020,8.3
Kristofer Hivju,Long Distance,2024,5.7
Kristofer Hivju,Nom de code : Rouge,2024,6.5
Kristofer Hivju,Scott for Scotts: MyLawn App,2023,
Kristofer Hivju,Scott for Scotts: Satisfaction,2023,
Kristofer Hivju,Scott for Scotts: Scottline,2023,
Kristofer Hivju,Scott for Scotts: Surrounded,2023,
Kristofer Hivju,Scott for Scotts: Three Scotts,2023,
Kristofer Hivju,The Gentlemen,2024,8.0
Kristofer Hivju,The Witcher,2021,8.0
Kristofer Hivju,Trois vœux pour Cendrillon,2021,5.8
Kristofer Hivju,Twilight of the Gods,2024,7.3
Kristofer Hivju,Twin,2019,7.1
Kristofer Hivju,URÆD - FEARLESS,2022,7.9
Linda Cardellini,Avengers: Endgame,2019,8.4
Linda Cardellini,Capone,2020,4.7
Linda Cardellini,Daddy's Home 2,2017,6.0
Linda Cardellini,Dead to Me,2019–2022,7.9
Linda Cardellini,Dead to Me,2019–2022,7.9
Linda Cardellini,Green Book : Sur les routes du sud,2018,8.2
Linda Cardellini,Hawkeye,2021,7.5
Linda Cardellini,Hunter Killer,2018,6.6
Linda Cardellini,L'ombre d'Emily,2018,6.8
Linda Cardellini,La Malédiction de la Dame blanche,2019,5.3
Linda Cardellini,Le fondateur,2016,7.2
Linda Cardellini,Le nouveau Muppet Show,2020,5.9
Linda Cardellini,Les Gardiens de la Galaxie Vol. 3,2023,7.9
Linda Cardellini,Lollipop Chainsaw: RePOP,2024,7.2
Linda Cardellini,No Good Deed,2024,7.0
Linda Cardellini,Nutcrackers,2024,5.5
Linda Cardellini,Regular Show,2015,8.5
Linda Cardellini,Robot Chicken,2005–2022,7.7
Linda Cardellini,Sanjay et Craig,2015–2016,4.7
Linda Cardellini,Scooby-Doo: Deleted Scenes,2002,7.4
Linda Cardellini,Urgences,2009,7.9
Madeline Zima,Diary of a Spy,2022,4.7
Madeline Zima,Doom Patrol,2022–2023,7.7
Madeline Zima,En analyse,2021,8.3
Madeline Zima,Good Girls,2020,7.7
Madeline Zima,Hacks,2021,8.2
Madeline Zima,High Potential,2024,7.7
Madeline Zima,Hypochondriac,2022,5.1
Madeline Zima,Insight,2021,4.5
Madeline Zima,NCIS : Hawaï,2021,6.8
Madeline Zima,Perry Mason,2020,7.6
Madeline Zima,Serfs Up,2020,
Madeline Zima,Subservience,2024,5.3
Madeline Zima,The Morning After,2023,
Madeline Zima,Warm Human Magic,2018,
Madeline Zima,Warm Human Magic,2018,
Madeline Zima,Wink,2024,
Madeline Zima,État d'esprit,2021,5.4
Megan Fox,Big Gold Brick,2022,3.4
Megan Fox,Dave (aka Lil Dicky),2023,8.2
Megan Fox,Expendables 4,2023,4.8
Megan Fox,Good Mourning,2022,3.1
Megan Fox,Johnny & Clyde,2023,2.4
Megan Fox,La proie,2021,4.6
Megan Fox,Legends of the Lost with Megan Fox,2018,6.2
Megan Fox,Legends of the Lost with Megan Fox,2018,6.2
Megan Fox,Machine Gun Kelly: Drunk Face,2020,6.0
Megan Fox,Mgk & Jelly Roll: Lonely Road,2024,6.3
Megan Fox,Mortal Kombat 1,2023,8.2
Megan Fox,Mortal Kombat 1 Khaos Reigns,2024,7.6
Megan Fox,Night Teeth,2021,5.7
Megan Fox,Rogue,2020,4.2
Megan Fox,Subservience,2024,5.3
Megan Fox,Taurus,2022,4.6
Megan Fox,Till Death,2021,5.9
Michelle Randolph,1923,2022–2023,8.3
Michelle Randolph,5 Years Apart,2019,5.5
Michelle Randolph,Halloween maudit,2017,4.2
Michelle Randolph,Landman,2024,8.3
Michelle Randolph,The Resort,2021,3.1
Michelle Randolph,The Throwback,2024,5.6
Michelle Randolph,Un Noël de Blanche-Neige,2018,4.9
Paul Mescal,Aftersun,2022,7.6
Paul Mescal,Bump,2019,7.1
Paul Mescal,Carmen,2022,5.7
Paul Mescal,Carmen,2022,5.7
Paul Mescal,Drifting,2020,6.6
Paul Mescal,Gladiator II,2024,6.9
Paul Mescal,God's Creatures,2022,6.0
Paul Mescal,Le Remplaçant,2023,5.4
Paul Mescal,Normal People,2020,8.4
Paul Mescal,Normal People Confessions,2020,8.2
Paul Mescal,Phoebe Bridgers: Savior Complex,2020,7.9
Paul Mescal,Sans jamais nous connaître,2023,7.6
Paul Mescal,The Deceived,2020,5.9
Paul Mescal,The Lost Daughter,2021,6.7
Paul Mescal,The Rolling Stones: Scarlet,2020,7.6
Ryan Kiera Armstrong,American Horror Story,2021,7.9
Ryan Kiera Armstrong,An Assortment of Christmas Tales in No Particular Order,2019,5.8
Ryan Kiera Armstrong,Anne with an E,2017–2019,8.6
Ryan Kiera Armstrong,Anne with an E,2017–2019,8.6
Ryan Kiera Armstrong,Black Widow,2021,6.6
Ryan Kiera Armstrong,Firestarter,2022,4.6
Ryan Kiera Armstrong,Firestarter: Alternate Ending,2022,5.5
Ryan Kiera Armstrong,Firestarter: Deleted and Extended Scenes,2022,6.0
Ryan Kiera Armstrong,Maternal,2024,5.4
Ryan Kiera Armstrong,Skeleton Crew,2024,7.2
Ryan Kiera Armstrong,The Glorias,2020,6.0
Ryan Kiera Armstrong,The Old Way,2023,5.5
Ryan Kiera Armstrong,The One,2021,8.4
Ryan Kiera Armstrong,The Tomorrow War,2021,6.6
Ryan Kiera Armstrong,Wildflower,2022,6.8
Ryan Kiera Armstrong,Wish Upon a Unicorn,2020,5.3
Sarah Lancashire,Alan Bennett's Talking Heads,2020,7.9
Sarah Lancashire,Black Doves,2024,7.2
Sarah Lancashire,Happy Valley,2014–2023,8.5
Sarah Lancashire,Happy Valley,2023,8.5
Sarah Lancashire,Julia,2022–2023,8.3
Sarah Lancashire,Kiri,2018,6.7
Sarah Lancashire,L'Habilleur,2015,6.7
Sarah Lancashire,La British Compagnie,2016,5.2
Sarah Lancashire,Last Tango in Halifax,2012–2020,8.4
Sarah Lancashire,Maîtres et valets,2012,7.4
Sarah Lancashire,MotherFatherSon,2019,6.8
Sarah Lancashire,School of Roars,2017–2018,7.1
Sarah Lancashire,The Accident,2019,6.3
Sarah Lancashire,The Afternoon Play,2004,7.2
Sarah Lancashire,The Paradise,2012–2013,7.7
Sarah Lancashire,Tout le monde parle de Jamie,2021,6.5
Sarah Lancashire,Yesterday,2019,6.8
Taylor Momsen,Gossip Girl,2007–2012,7.5
Taylor Momsen,The Pretty Reckless: 25,2020,8.1
Taylor Momsen,The Pretty Reckless: Going to Hell,2013,8.0
Taylor Momsen,The Pretty Reckless: Got So High,2022,7.8
Taylor Momsen,The Pretty Reckless: Got So High,2022,7.8
Taylor Momsen,The Pretty Reckless: Got So High,2022,7.8
Taylor Momsen,The Pretty Reckless: Heaven Knows,2014,7.9
Taylor Momsen,The Pretty Reckless: Heaven Knows,2014,7.9
Taylor Momsen,The Pretty Reckless: House on a Hill,2014,8.8
Taylor Momsen,The Pretty Reckless: House on a Hill,2014,8.8
Taylor Momsen,The Pretty Reckless: Just Tonight,2010,8.5
Taylor Momsen,The Pretty Reckless: Make Me Wanna Die,2010,7.6
Taylor Momsen,The Pretty Reckless: Messed Up World (F'd Up World),2014,8.0
Taylor Momsen,The Pretty Reckless: Messed Up World (F'd Up World),2014,8.0
Taylor Momsen,The Pretty Reckless: Miss Nothing,2010,6.7
Taylor Momsen,The Pretty Reckless: My Medicine,2012,8.2
Taylor Momsen,The Pretty Reckless: My Medicine,2012,8.2
Taylor Momsen,The Pretty Reckless: Oh My God,2017,7.5
Taylor Momsen,The Pretty Reckless: Oh My God,2017,7.5
Taylor Momsen,The Pretty Reckless: Only Love Can Save Me Now,2021,7.0
Taylor Momsen,The Pretty Reckless: Only Love Can Save Me Now,2021,7.0
Taylor Momsen,The Pretty Reckless: Only Love Can Save Me Now,2021,7.0
Taylor Momsen,The Pretty Reckless: Take Me Down,2016,8.1
Taylor Momsen,The Pretty Reckless: Take Me Down,2016,8.1
Taylor Momsen,The Pretty Reckless: You,2012,7.5
Taylor Sheridan,1883,2021–2022,8.7
Taylor Sheridan,1883,2021–2022,8.7
Taylor Sheridan,1883,2022,8.7
Taylor Sheridan,1883: The Road West,2022,8.6
Taylor Sheridan,1923,2022–2023,8.3
Taylor Sheridan,1923,2022–2023,8.3
Taylor Sheridan,Ceux qui veulent ma mort,2021,6.0
Taylor Sheridan,Ceux qui veulent ma mort,2021,6.0
Taylor Sheridan,Comancheria,2016,7.6
Taylor Sheridan,Comancheria,2016,7.6
Taylor Sheridan,Finestkind,2023,6.1
Taylor Sheridan,Horse Soldiers,2018,6.5
Taylor Sheridan,Landman,2024,8.3
Taylor Sheridan,Landman,2024,8.3
Taylor Sheridan,Lawmen : L'histoire de Bass Reeves,2023,7.4
Taylor Sheridan,Les Experts,2005,7.7
Taylor Sheridan,Les Experts : Manhattan,2005,7.0
Taylor Sheridan,Mayor of Kingstown,2021–2024,8.2
Taylor Sheridan,Mayor of Kingstown,2021–2024,8.2
Taylor Sheridan,NCIS : Los Angeles,2011,6.8
Taylor Sheridan,New York Police Blues,2004,7.8
Taylor Sheridan,Opérations spéciales : Lioness,2023–2024,7.7
Taylor Sheridan,Opérations spéciales : Lioness,2023–2024,7.7
Taylor Sheridan,Opérations spéciales : Lioness,2024,7.7
Taylor Sheridan,Pure Grit,2021,7.2
Taylor Sheridan,Shérifs à Los Angeles,2003,7.0
Taylor Sheridan,Sicario,2015,7.7
Taylor Sheridan,Sicario : La Guerre des cartels,2018,7.1
Taylor Sheridan,Sons of Anarchy,2008–2010,8.6
Taylor Sheridan,Sons of Anarchy: Happy Ending Roundtable,2010,8.1
Taylor Sheridan,Star Trek: Enterprise,2004,7.6
Taylor Sheridan,The Last Cowboy,2019–2023,6.6
Taylor Sheridan,The Last Cowboy,2019,6.6
Taylor Sheridan,Tulsa King,2022–2024,8.0
Taylor Sheridan,Tulsa King,2022–2024,8.0
Taylor Sheridan,Veronica Mars,2005–2007,8.4
Taylor Sheridan,White Rush,2003,4.5
Taylor Sheridan,Willie Nelson & Family,2023,8.3
Taylor Sheridan,Wind River,2017,7.7
Taylor Sheridan,Without Remorse,2021,5.8
Taylor Sheridan,Yellowstone,2018–2024,8.6
Taylor Sheridan,Yellowstone,2018–2024,8.6
Taylor Sheridan,Yellowstone,2018–2024,8.6
